Tree_ID,class,shape,x1,x2,y1,y2,label,NDVI
29-1,0,rectangle,1879,1934,130,191,,0.6966195
29-2,0,rectangle,1943,2024,126,200,,0.76368725
29-4,0,rectangle,2086,2169,142,220,,0.7258202
29-3,0,rectangle,2030,2081,145,208,,0.7582252
28-10,0,rectangle,2104,2169,245,308,,0.7926057
28-9,0,rectangle,2024,2090,226,298,,0.7770689
28-8,0,rectangle,1955,2020,208,290,,0.7677996
28-7,0,rectangle,1869,1940,210,281,,0.7819922
28-6,0,rectangle,1802,1867,200,275,,0.8218087
28-5,0,rectangle,1736,1795,202,273,,0.8198003
28-4,0,rectangle,1665,1730,181,257,,0.73647267
28-3,0,rectangle,1569,1665,169,261,,0.53535384
27-13,0,rectangle,2116,2192,316,396,,0.7880741
27-12,0,rectangle,2032,2106,320,392,,0.7871138
27-11,0,rectangle,1963,2026,308,383,,0.76862574
27-10,0,rectangle,1900,1959,304,386,,0.77758914
27-9,0,rectangle,1824,1891,283,365,,0.8235926
27-8,0,rectangle,1742,1822,283,365,,0.7844501
27-7,0,rectangle,1675,1736,275,357,,0.7893077
27-6,0,rectangle,1603,1673,267,353,,0.7822092
27-5,0,rectangle,1520,1593,259,334,,0.7938889
27-4,0,rectangle,1450,1516,238,324,,0.79336876
27-3,0,rectangle,1379,1444,232,314,,0.8020511
27-2,0,rectangle,1307,1377,222,300,,0.69906205
27-1,0,rectangle,1238,1301,247,302,,0.7212978
26-19,0,rectangle,2116,2192,412,496,,0.80046046
26-18,0,rectangle,2043,2102,410,486,,0.8025622
26-17,0,rectangle,1975,2034,396,475,,0.8129488
26-1,0,rectangle,795,876,272,346,,0.5962191
26-2,0,rectangle,885,939,280,348,,0.72758555
26-3,0,rectangle,946,1005,289,358,,0.7806303
26-4,0,rectangle,1019,1091,289,364,,0.73084474
26-5,0,rectangle,1101,1164,291,378,,0.7194342
26-6,0,rectangle,1170,1230,302,385,,0.78893113
26-7,0,rectangle,1237,1309,310,390,,0.8267612
26-8,0,rectangle,1314,1368,332,404,,0.82298017
26-9,0,rectangle,1384,1453,332,404,,0.8230153
26-10,0,rectangle,1464,1523,330,410,,0.8098575
26-11,0,rectangle,1534,1587,358,426,,0.772194
26-12,0,rectangle,1595,1659,364,430,,0.7953904
26-13,0,rectangle,1672,1744,367,441,,0.8130079
26-14,0,rectangle,1754,1818,380,452,,0.8379919
26-15,0,rectangle,1831,1885,384,463,,0.8536587
26-16,0,rectangle,1896,1968,399,471,,0.83556205
25-1,0,rectangle,521,586,334,410,,0.59040016
25-2,0,rectangle,597,659,323,414,,0.67251825
25-3,0,rectangle,673,739,329,416,,0.7299077
25-4,0,rectangle,753,815,345,427,,0.7990327
25-5,0,rectangle,824,882,361,439,,0.7585819
25-6,0,rectangle,893,953,369,445,,0.7989577
25-7,0,rectangle,967,1018,385,454,,0.8081728
25-8,0,rectangle,1031,1100,385,463,,0.79433906
25-9,0,rectangle,1107,1169,390,467,,0.7920037
25-10,0,rectangle,1178,1236,396,467,,0.7976862
25-11,0,rectangle,1245,1312,396,481,,0.78784424
25-12,0,rectangle,1319,1385,412,496,,0.81648237
25-13,0,rectangle,1392,1450,421,508,,0.7641266
25-14,0,rectangle,1470,1535,436,512,,0.77406824
25-15,0,rectangle,1537,1601,441,525,,0.7983359
25-16,0,rectangle,1608,1670,447,532,,0.83319134
25-17,0,rectangle,1679,1744,456,541,,0.7377011
25-18,0,rectangle,1751,1822,463,545,,0.83246046
25-19,0,rectangle,1833,1895,472,554,,0.8394345
25-20,0,rectangle,1902,1962,483,568,,0.8434466
25-21,0,rectangle,1971,2038,496,574,,0.8296827
25-22,0,rectangle,2047,2105,503,572,,0.817361
25-23,0,rectangle,2116,2178,510,583,,0.7943811
25-24,0,rectangle,2192,2254,510,588,,0.7899673
24-28,0,rectangle,2205,2267,606,681,,0.75343543
24-27,0,rectangle,2120,2192,588,670,,0.75397205
24-26,0,rectangle,2060,2114,594,661,,0.78975207
24-25,0,rectangle,1987,2051,581,663,,0.8210119
24-24,0,rectangle,1911,1976,581,643,,0.8331656
24-23,0,rectangle,1838,1904,559,641,,0.783977
24-22,0,rectangle,1760,1824,557,628,,0.78419507
24-1,0,rectangle,229,316,369,456,,0.38790226
24-1,0,rectangle,316,379,390,465,,0.6818009
24-3,0,rectangle,394,457,396,483,,0.74364144
24-4,0,rectangle,463,526,407,488,,0.7711117
24-5,0,rectangle,532,595,416,499,,0.79341763
24-6,0,rectangle,601,657,421,503,,0.71897036
24-7,0,rectangle,670,746,427,512,,0.78931344
24-8,0,rectangle,755,811,443,523,,0.7929263
24-9,0,rectangle,822,880,447,532,,0.7423643
24-10,0,rectangle,889,960,459,541,,0.7979896
24-11,0,rectangle,973,1038,463,545,,0.8131418
24-12,0,rectangle,1042,1111,470,559,,0.8045735
24-13,0,rectangle,1118,1172,476,561,,0.81480587
24-14,0,rectangle,1180,1234,485,565,,0.78022933
24-15,0,rectangle,1247,1314,483,581,,0.79522794
24-16,0,rectangle,1327,1385,501,581,,0.8187601
24-17,0,rectangle,1397,1454,514,594,,0.77150047
24-18,0,rectangle,1463,1537,516,606,,0.78152686
24-19,0,rectangle,1541,1615,532,619,,0.8401497
24-20,0,rectangle,1624,1677,541,626,,0.80543274
24-21,0,rectangle,1684,1748,545,630,,0.823349
23-2,0,rectangle,103,171,442,529,,0.7345503
23-3,0,rectangle,176,233,456,540,,0.7583783
23-4,0,rectangle,241,310,468,549,,0.8033053
23-5,0,rectangle,322,382,475,547,,0.8104857
23-6,0,rectangle,391,456,491,567,,0.810305
23-7,0,rectangle,465,525,495,573,,0.8025385
23-8,0,rectangle,536,603,515,582,,0.796074
23-9,0,rectangle,614,681,518,587,,0.800482
23-10,0,rectangle,690,748,538,598,,0.8375553
23-11,0,rectangle,759,820,538,605,,0.8360997
23-12,0,rectangle,827,891,558,614,,0.8200517
23-13,0,rectangle,902,965,560,623,,0.8430816
23-33,0,rectangle,2361,2424,721,790,,0.73433274
23-32,0,rectangle,2276,2343,714,777,,0.75549906
23-31,0,rectangle,2211,2272,707,775,,0.799543
23-30,0,rectangle,2140,2200,699,766,,0.7965016
23-29,0,rectangle,2057,2131,681,761,,0.8073503
23-28,0,rectangle,1981,2053,674,750,,0.8204941
23-27,0,rectangle,1912,1975,656,734,,0.8306038
23-26,0,rectangle,1843,1903,663,734,,0.8144527
23-25,0,rectangle,1769,1832,645,723,,0.8003624
23-24,0,rectangle,1700,1758,636,714,,0.8418886
23-23,0,rectangle,1628,1691,632,703,,0.82766324
23-22,0,rectangle,1548,1622,618,707,,0.8648327
23-21,0,rectangle,1479,1544,618,699,,0.862465
23-20,0,rectangle,1403,1474,611,683,,0.86070937
23-19,0,rectangle,1334,1396,594,667,,0.8340598
23-18,0,rectangle,1258,1327,589,663,,0.83294165
23-17,0,rectangle,1186,1253,591,652,,0.84108377
23-16,0,rectangle,1121,1182,578,645,,0.8500089
23-15,0,rectangle,1050,1119,562,640,,0.8449737
23-14,0,rectangle,976,1043,562,640,,0.83816683
22-3,0,rectangle,45,103,540,614,,0.6835776
22-2,0,rectangle,109,179,533,611,,0.7886784
22-3,0,rectangle,188,246,556,625,,0.7857365
22-4,0,rectangle,255,317,567,638,,0.79669213
22-5,0,rectangle,326,395,560,647,,0.82375985
22-6,0,rectangle,398,469,571,656,,0.8194779
22-7,0,rectangle,478,538,585,649,,0.79176915
22-8,0,rectangle,545,610,591,670,,0.80653924
22-9,0,rectangle,617,684,607,678,,0.8418018
22-10,0,rectangle,692,759,611,683,,0.83367455
22-11,0,rectangle,764,824,623,687,,0.8349692
22-12,0,rectangle,831,907,623,701,,0.8148696
22-13,0,rectangle,907,967,638,703,,0.83873945
22-14,0,rectangle,974,1043,645,723,,0.8329897
22-15,0,rectangle,1057,1130,654,725,,0.84814614
22-16,0,rectangle,1133,1200,674,741,,0.840817
22-17,0,rectangle,1204,1267,681,752,,0.83926713
22-18,0,rectangle,1273,1327,676,757,,0.8416109
22-19,0,rectangle,1329,1401,678,759,,0.82422245
22-20,0,rectangle,1398,1468,703,779,,0.8157078
22-21,0,rectangle,1470,1539,707,783,,0.85118055
22-33,0,rectangle,2354,2422,824,882,,0.78104305
22-34,0,rectangle,2436,2476,828,880,,0.6623087
22-32,0,rectangle,2277,2345,793,873,,0.7734772
22-22,0,rectangle,1550,1615,711,782,,0.85878104
22-23,0,rectangle,1629,1695,714,796,,0.85621417
22-31,0,rectangle,2207,2275,779,861,,0.7815903
22-30,0,rectangle,2139,2204,782,859,,0.76641554
22-29,0,rectangle,2069,2125,772,847,,0.7830703
22-28,0,rectangle,1989,2057,761,845,,0.82298964
22-27,0,rectangle,1917,1987,742,821,,0.8168802
22-26,0,rectangle,1849,1919,744,826,,0.81160885
22-25,0,rectangle,1770,1847,735,812,,0.8337679
22-24,0,rectangle,1695,1767,735,807,,0.8425307
21-1,0,rectangle,28,106,620,704,,0.6363734
21-2,0,rectangle,119,187,626,713,,0.7726991
21-3,0,rectangle,194,262,639,723,,0.7621655
21-34,0,rectangle,2449,2527,904,988,,0.6932801
21-33,0,rectangle,2374,2446,901,982,,0.77601486
21-32,0,rectangle,2296,2346,895,963,,0.77140725
21-31,0,rectangle,2205,2286,882,966,,0.7848603
21-30,0,rectangle,2127,2199,879,954,,0.8083772
21-29,0,rectangle,2071,2121,863,945,,0.8079254
21-28,0,rectangle,2002,2062,857,938,,0.81847614
21-27,0,rectangle,1927,1996,857,929,,0.8064613
21-26,0,rectangle,1852,1915,842,920,,0.8311184
21-25,0,rectangle,1777,1849,826,910,,0.83476424
21-24,0,rectangle,1702,1774,817,898,,0.83271116
21-23,0,rectangle,1627,1696,807,888,,0.8248316
21-22,0,rectangle,1556,1618,807,879,,0.85120046
21-21,0,rectangle,1481,1549,798,879,,0.8598374
21-20,0,rectangle,1412,1481,785,870,,0.846346
21-19,0,rectangle,1340,1409,779,860,,0.8054012
21-18,0,rectangle,1268,1337,776,854,,0.82076705
21-17,0,rectangle,1193,1262,757,835,,0.84748244
21-16,0,rectangle,1131,1196,751,823,,0.8378445
21-4,0,rectangle,266,331,651,729,,0.8223562
21-5,0,rectangle,340,409,664,738,,0.8273731
21-6,0,rectangle,415,469,673,742,,0.8499902
21-7,0,rectangle,475,553,679,757,,0.8246683
21-8,0,rectangle,553,615,688,757,,0.8285988
21-9,0,rectangle,628,697,692,770,,0.8412372
21-10,0,rectangle,703,768,710,779,,0.8458173
21-15,0,rectangle,1062,1121,742,807,,0.84935904
21-12,0,rectangle,778,834,723,788,,0.84699696
21-15,0,rectangle,981,1053,735,804,,0.81994724
21-14,0,rectangle,921,978,720,795,,0.8168379
21-13,0,rectangle,843,906,717,795,,0.8200703
20-1,0,rectangle,44,109,726,782,,0.7284237
20-2,0,rectangle,128,181,720,792,,0.7245935
20-3,0,rectangle,191,253,732,792,,0.76886916
20-4,0,rectangle,269,334,738,807,,0.8058594
20-5,0,rectangle,340,403,754,817,,0.81848687
20-6,0,rectangle,409,475,763,829,,0.80828816
20-7,0,rectangle,487,553,767,832,,0.83006614
20-8,0,rectangle,559,625,779,845,,0.82271546
20-9,0,rectangle,622,687,788,848,,0.8525568
20-10,0,rectangle,697,768,788,857,,0.84117025
20-11,0,rectangle,778,837,801,867,,0.81336343
20-12,0,rectangle,843,912,807,873,,0.82593256
20-13,0,rectangle,928,987,810,885,,0.8120607
20-14,0,rectangle,990,1053,817,892,,0.82401085
20-29,0,rectangle,2436,2514,998,1070,,0.7707509
20-28,0,rectangle,2358,2424,998,1060,,0.81446314
20-27,0,rectangle,2293,2349,991,1060,,0.8103423
20-26,0,rectangle,2227,2277,973,1032,,0.77214414
20-25,0,rectangle,2143,2215,970,1045,,0.8032695
20-24,0,rectangle,2077,2137,957,1035,,0.78735185
20-25,0,rectangle,2002,2071,951,1032,,0.8219616
20-26,0,rectangle,1930,1993,935,1013,,0.82506317
20-25,0,rectangle,1865,1924,923,1004,,0.8298355
20-24,0,rectangle,1787,1855,920,1004,,0.8537905
20-23,0,rectangle,1712,1787,907,991,,0.8322286
20-22,0,rectangle,1640,1705,895,982,,0.8247465
20-21,0,rectangle,1568,1634,885,973,,0.865394
20-20,0,rectangle,1496,1559,882,966,,0.8691048
20-15,0,rectangle,1065,1134,826,907,,0.8499737
20-16,0,rectangle,1137,1199,842,920,,0.83135206
20-17,0,rectangle,1209,1268,842,935,,0.83831066
20-18,0,rectangle,1287,1353,860,942,,0.84282917
20-19,0,rectangle,1362,1415,867,945,,0.8360785
20-20,0,rectangle,1424,1490,873,951,,0.84816766
19-1,0,rectangle,44,112,810,879,,0.7365606
18-1,0,rectangle,66,125,888,973,,0.74987704
17-1,0,rectangle,75,128,985,1041,,0.769549
16-1,0,rectangle,75,131,1076,1154,,0.7816443
15-1,0,rectangle,75,141,1173,1248,,0.7553133
15-2,0,rectangle,150,209,1179,1244,,0.79631007
15-3,0,rectangle,228,290,1173,1248,,0.777875
16-2,0,rectangle,150,203,1088,1148,,0.7974141
16-3,0,rectangle,222,284,1091,1163,,0.7861226
16-4,0,rectangle,300,365,1091,1163,,0.76293373
16-5,0,rectangle,375,431,1120,1185,,0.83119714
16-6,0,rectangle,437,500,1123,1191,,0.8237917
16-7,0,rectangle,509,575,1126,1198,,0.7952072
16-8,0,rectangle,584,643,1138,1210,,0.80891573
16-9,0,rectangle,650,722,1138,1210,,0.7924701
16-10,0,rectangle,731,797,1148,1232,,0.8147177
16-11,0,rectangle,806,862,1154,1235,,0.80516195
16-12,0,rectangle,875,950,1160,1244,,0.82261735
17-2,0,rectangle,144,206,995,1066,,0.788321
19-2,0,rectangle,125,191,817,885,,0.8214994
18-2,0,rectangle,144,194,901,985,,0.7639044
19-3,0,rectangle,206,266,832,895,,0.8072109
18-3,0,rectangle,212,278,907,985,,0.7989835
17-3,0,rectangle,219,281,1013,1076,,0.80085975
19-4,0,rectangle,272,347,832,904,,0.82681125
18-4,0,rectangle,287,365,917,995,,0.81173307
17-4,0,rectangle,290,356,1013,1079,,0.78095853
19-5,0,rectangle,347,415,838,920,,0.8369895
19-6,0,rectangle,419,484,848,932,,0.84105176
19-7,0,rectangle,487,559,851,929,,0.8463036
19-8,0,rectangle,568,628,860,938,,0.846646
19-9,0,rectangle,631,697,867,948,,0.84368
19-10,0,rectangle,706,772,879,960,,0.85237586
19-11,0,rectangle,781,846,885,973,,0.81927454
19-12,0,rectangle,853,921,885,982,,0.82956403
19-13,0,rectangle,925,1000,901,991,,0.80996996
19-14,0,rectangle,1006,1062,917,988,,0.8538662
19-15,0,rectangle,1068,1131,923,1001,,0.81396693
19-16,0,rectangle,1140,1203,932,1016,,0.83957195
19-17,0,rectangle,1206,1268,945,1023,,0.858081
19-18,0,rectangle,1284,1353,954,1035,,0.8302083
19-19,0,rectangle,1362,1424,957,1038,,0.8513245
19-20,0,rectangle,1427,1493,963,1048,,0.8091155
19-21,0,rectangle,1499,1568,973,1060,,0.84323233
19-22,0,rectangle,1571,1643,979,1066,,0.82747567
19-23,0,rectangle,1649,1712,988,1070,,0.8334301
19-24,0,rectangle,1724,1787,1001,1079,,0.8497996
19-25,0,rectangle,1796,1855,1010,1095,,0.81355906
19-26,0,rectangle,1862,1937,1013,1098,,0.8147382
19-27,0,rectangle,1937,2008,1026,1110,,0.83474886
19-28,0,rectangle,2008,2080,1038,1120,,0.8323388
19-29,0,rectangle,2080,2143,1045,1126,,0.7861162
19-30,0,rectangle,2152,2218,1054,1132,,0.81822735
19-31,0,rectangle,2221,2296,1063,1148,,0.8147789
19-32,0,rectangle,2286,2361,1076,1157,,0.81638616
19-33,0,rectangle,2358,2443,1088,1163,,0.7982077
19-34,0,rectangle,2449,2530,1091,1182,,0.75160944
18-5,0,rectangle,369,425,932,1004,,0.83751434
18-6,0,rectangle,434,494,938,1013,,0.84352225
18-7,0,rectangle,500,562,938,1013,,0.83612746
18-8,0,rectangle,568,628,954,1023,,0.82027364
18-9,0,rectangle,640,715,957,1035,,0.80340576
18-10,0,rectangle,715,787,970,1038,,0.80788505
18-11,0,rectangle,793,859,979,1045,,0.8692348
18-12,0,rectangle,859,918,991,1054,,0.8505434
18-13,0,rectangle,934,1006,995,1066,,0.82581055
18-14,0,rectangle,1015,1065,998,1073,,0.7872977
18-15,0,rectangle,1081,1137,1007,1085,,0.79715
18-16,0,rectangle,1146,1215,1026,1107,,0.8442433
18-17,0,rectangle,1228,1290,1038,1120,,0.8447924
18-18,0,rectangle,1303,1365,1045,1116,,0.8189213
18-19,0,rectangle,1381,1434,1048,1129,,0.8394326
18-20,0,rectangle,1452,1512,1060,1138,,0.82748437
18-21,0,rectangle,1527,1587,1070,1135,,0.82681626
18-22,0,rectangle,1596,1652,1085,1151,,0.86062497
18-23,0,rectangle,1662,1724,1082,1163,,0.8432693
18-24,0,rectangle,1730,1796,1095,1170,,0.8657102
18-25,0,rectangle,1796,1868,1101,1182,,0.8320196
18-26,0,rectangle,1874,1933,1110,1179,,0.84558403
18-27,0,rectangle,1940,2012,1120,1195,,0.83455133
18-28,0,rectangle,2015,2080,1129,1201,,0.80961955
18-29,0,rectangle,2087,2152,1132,1213,,0.78719366
18-30,0,rectangle,2165,2227,1138,1223,,0.81336296
18-31,0,rectangle,2240,2315,1154,1235,,0.8148526
18-32,0,rectangle,2321,2380,1166,1241,,0.8016033
18-33,0,rectangle,2390,2455,1166,1248,,0.79389256
18-34,0,rectangle,2468,2527,1185,1257,,0.79938203
18-35,0,rectangle,2536,2599,1182,1257,,0.7378999
17-5,0,rectangle,365,425,1026,1101,,0.8279947
17-6,0,rectangle,434,490,1035,1101,,0.8379431
17-7,0,rectangle,503,568,1038,1104,,0.81416005
17-8,0,rectangle,575,643,1041,1120,,0.8084587
17-9,0,rectangle,643,715,1051,1123,,0.80682486
17-10,0,rectangle,725,790,1060,1132,,0.8247253
17-11,0,rectangle,800,862,1066,1138,,0.84296405
17-12,0,rectangle,862,931,1079,1151,,0.81972057
17-13,0,rectangle,940,1006,1091,1166,,0.82701707
17-14,0,rectangle,1015,1071,1088,1163,,0.7638686
17-15,0,rectangle,1081,1156,1107,1166,,0.81242406
17-16,0,rectangle,1165,1234,1116,1185,,0.83208483
17-17,0,rectangle,1246,1290,1132,1195,,0.818656
17-18,0,rectangle,1293,1368,1129,1204,,0.81539315
17-19,0,rectangle,1377,1445,1152,1223,,0.84094614
17-20,0,rectangle,1460,1522,1149,1217,,0.8285589
16-13,0,rectangle,958,1014,1189,1257,,0.80818677
17-21,0,rectangle,1537,1586,1158,1223,,0.7395701
16-14,0,rectangle,1025,1088,1192,1261,,0.7838781
17-22,0,rectangle,1596,1659,1180,1240,,0.7660835
17-23,0,rectangle,1675,1742,1177,1254,,0.82264215
17-24,0,rectangle,1746,1807,1184,1261,,0.8404728
17-24,0,rectangle,1813,1886,1188,1265,,0.85712826
17-26,0,rectangle,1897,1944,1205,1274,,0.8228029
17-27,0,rectangle,1954,2023,1215,1284,,0.8214869
17-35,0,rectangle,2544,2613,1281,1345,,0.7208485
17-34,0,rectangle,2471,2537,1267,1336,,0.7844358
17-28,0,rectangle,2028,2096,1218,1289,,0.7803331
17-33,0,rectangle,2408,2457,1272,1333,,0.8098548
17-32,0,rectangle,2326,2403,1254,1329,,0.8133386
17-31,0,rectangle,2251,2321,1244,1310,,0.7917449
17-30,0,rectangle,2178,2246,1242,1303,,0.7675046
17-29,0,rectangle,2103,2173,1230,1293,,0.78907454
16-15,0,rectangle,1101,1161,1204,1262,,0.78611165
16-16,0,rectangle,1166,1227,1202,1279,,0.8033745
16-35,0,rectangle,2557,2620,1366,1446,,0.7860716
16-34,0,rectangle,2485,2538,1352,1434,,0.7746277
16-33,0,rectangle,2417,2470,1352,1434,,0.8044058
16-32,0,rectangle,2335,2407,1339,1419,,0.8337145
16-31,0,rectangle,2262,2325,1335,1412,,0.7973435
16-30,0,rectangle,2195,2253,1325,1398,,0.79477
16-29,0,rectangle,2115,2175,1310,1395,,0.79625773
16-28,0,rectangle,2040,2100,1310,1383,,0.8064226
16-27,0,rectangle,1970,2030,1298,1376,,0.8192956
16-26,0,rectangle,1904,1957,1293,1366,,0.8297465
16-25,0,rectangle,1827,1890,1279,1359,,0.85087156
16-17,0,rectangle,1244,1299,1206,1289,,0.77090365
16-18,0,rectangle,1311,1369,1226,1298,,0.8085133
16-24,0,rectangle,1742,1820,1269,1356,,0.84043247
16-23,0,rectangle,1679,1737,1264,1342,,0.8155093
16-19,0,rectangle,1389,1447,1243,1303,,0.83642423
16-20,0,rectangle,1466,1509,1249,1309,,0.8241212
16-21,0,rectangle,1522,1583,1251,1316,,0.81676847
16-22,0,rectangle,1600,1671,1257,1332,,0.80478066
15-4,0,rectangle,299,366,1193,1264,,0.7978726
15-5,0,rectangle,385,439,1203,1272,,0.81469375
15-6,0,rectangle,444,508,1207,1281,,0.80708903
15-7,0,rectangle,515,579,1219,1295,,0.8331695
15-8,0,rectangle,582,655,1222,1300,,0.8350585
15-9,0,rectangle,662,734,1226,1307,,0.8188268
15-10,0,rectangle,736,798,1241,1317,,0.8284617
15-11,0,rectangle,798,871,1255,1321,,0.8379595
15-12,0,rectangle,869,945,1257,1336,,0.8252803
15-13,0,rectangle,947,1019,1262,1336,,0.82779306
15-14,0,rectangle,1028,1092,1267,1347,,0.8410428
15-15,0,rectangle,1085,1166,1283,1366,,0.8364674
15-16,0,rectangle,1170,1218,1288,1361,,0.82659817
15-34,0,rectangle,2494,2552,1462,1535,,0.79388505
15-17,0,rectangle,1243,1301,1310,1373,,0.8393873
15-33,0,rectangle,2416,2477,1443,1525,,0.8049815
15-32,0,rectangle,2341,2409,1431,1508,,0.8201364
15-31,0,rectangle,2276,2337,1419,1496,,0.8006245
15-30,0,rectangle,2187,2266,1414,1494,,0.82495254
15-2,0,rectangle,2044,2114,1416,1477,,0.83480763
15-27,0,rectangle,2000,2037,1402,1450,,0.8587168
15-26,0,rectangle,1904,1971,1392,1455,,0.8363232
15-25,0,rectangle,1826,1889,1378,1453,,0.84268546
15-24,0,rectangle,1763,1817,1368,1441,,0.8463698
15-23,0,rectangle,1691,1754,1356,1429,,0.8537257
15-22,0,rectangle,1609,1679,1337,1414,,0.84143895
15-21,0,rectangle,1534,1601,1339,1412,,0.8406113
15-20,0,rectangle,1461,1529,1329,1404,,0.86131567
15-19,0,rectangle,1391,1456,1327,1395,,0.82961196
15-18,0,rectangle,1309,1379,1308,1392,,0.8279277
14-1,0,rectangle,103,155,1275,1339,,0.7681189
14-2,0,rectangle,165,219,1265,1334,,0.7703694
14-3,0,rectangle,239,293,1280,1351,,0.8071479
14-4,0,rectangle,310,369,1285,1351,,0.7794217
14-5,0,rectangle,379,433,1289,1361,,0.81281555
14-6,0,rectangle,448,515,1307,1383,,0.7946462
14-7,0,rectangle,527,591,1307,1383,,0.8287223
14-8,0,rectangle,603,665,1312,1385,,0.8276723
14-9,0,rectangle,665,726,1319,1398,,0.81244475
14-10,0,rectangle,736,800,1331,1417,,0.8269861
14-11,0,rectangle,812,879,1341,1415,,0.82476074
14-12,0,rectangle,896,953,1351,1417,,0.84169436
14-13,0,rectangle,963,1019,1358,1435,,0.85034835
14-14,0,rectangle,1029,1093,1363,1440,,0.8781147
14-15,0,rectangle,1113,1172,1381,1459,,0.8631372
14-16,0,rectangle,1187,1246,1381,1459,,0.8192517
14-17,0,rectangle,1256,1307,1393,1464,,0.8112299
14-18,0,rectangle,1312,1386,1400,1474,,0.85877115
14-19,0,rectangle,1401,1460,1405,1491,,0.8317478
14-20,0,rectangle,1477,1531,1415,1486,,0.84403604
14-21,0,rectangle,1541,1608,1422,1496,,0.82921344
14-22,0,rectangle,1615,1679,1440,1518,,0.85784346
14-23,0,rectangle,1686,1753,1452,1528,,0.85126656
14-24,0,rectangle,1763,1824,1457,1531,,0.84034926
14-25,0,rectangle,1832,1896,1467,1541,,0.8453954
14-26,0,rectangle,1901,1962,1479,1550,,0.8316884
14-27,0,rectangle,1982,2046,1477,1550,,0.8638842
14-28,0,rectangle,2056,2117,1491,1560,,0.86975455
14-29,0,rectangle,2120,2181,1496,1570,,0.794107
14-30,0,rectangle,2196,2265,1511,1580,,0.81432045
14-31,0,rectangle,2280,2341,1518,1597,,0.81792045
14-32,0,rectangle,2346,2415,1526,1602,,0.82802546
14-33,0,rectangle,2420,2484,1543,1605,,0.8039037
14-34,0,rectangle,2492,2565,1550,1624,,0.77273834
13-1,0,rectangle,101,158,1361,1427,,0.77926177
13-2,0,rectangle,175,231,1353,1432,,0.78474116
13-3,0,rectangle,241,303,1366,1440,,0.78372866
13-4,0,rectangle,320,384,1373,1447,,0.7827352
13-5,0,rectangle,391,448,1378,1452,,0.78857285
13-6,0,rectangle,460,517,1393,1462,,0.82467806
13-7,0,rectangle,529,591,1405,1477,,0.8158656
13-8,0,rectangle,608,667,1395,1489,,0.823779
13-9,0,rectangle,672,739,1410,1486,,0.82983756
13-10,0,rectangle,748,810,1422,1494,,0.80531734
13-11,0,rectangle,822,884,1425,1499,,0.8093872
13-12,0,rectangle,899,960,1432,1518,,0.82830983
13-13,0,rectangle,968,1029,1445,1518,,0.82330585
13-14,0,rectangle,1036,1103,1452,1533,,0.8448846
13-15,0,rectangle,1113,1172,1469,1548,,0.86110616
13-16,0,rectangle,1179,1256,1477,1558,,0.8558434
13-18,0,rectangle,1317,1391,1489,1563,,0.85687447
13-19,0,rectangle,1398,1467,1501,1582,,0.845635
13-20,0,rectangle,1475,1534,1513,1587,,0.7946817
13-21,0,rectangle,1551,1605,1511,1600,,0.85148364
13-22,0,rectangle,1618,1682,1528,1612,,0.84350586
13-23,0,rectangle,1694,1763,1538,1609,,0.82451767
13-24,0,rectangle,1770,1837,1550,1629,,0.8441891
13-25,0,rectangle,1851,1908,1555,1634,,0.84214
13-26,0,rectangle,1913,1972,1558,1644,,0.83651376
13-27,0,rectangle,1979,2046,1563,1646,,0.8299179
13-28,0,rectangle,2058,2125,1585,1659,,0.83468467
13-29,0,rectangle,2135,2191,1595,1676,,0.82931435
13-30,0,rectangle,2206,2265,1600,1681,,0.7897946
13-31,0,rectangle,2275,2341,1605,1693,,0.80297756
13-32,0,rectangle,2344,2415,1617,1703,,0.7945043
13-33,0,rectangle,2427,2494,1632,1715,,0.7490971
13-34,0,rectangle,2501,2565,1646,1730,,0.7823684
13-35,0,rectangle,2570,2639,1639,1733,,0.755096
12-1,0,rectangle,106,170,1445,1516,,0.7499644
12-2,0,rectangle,180,246,1447,1531,,0.7878807
12-3,0,rectangle,256,320,1452,1536,,0.8002149
12-4,0,rectangle,330,391,1452,1536,,0.78180313
12-5,0,rectangle,394,455,1464,1555,,0.7708212
12-6,0,rectangle,460,527,1479,1555,,0.7959147
12-7,0,rectangle,534,603,1486,1563,,0.7865945
12-8,0,rectangle,608,675,1496,1575,,0.8158936
12-9,0,rectangle,692,741,1499,1577,,0.8108839
12-10,0,rectangle,748,815,1504,1587,,0.80024874
12-11,0,rectangle,822,896,1511,1597,,0.8302034
12-12,0,rectangle,904,963,1526,1607,,0.81457835
12-13,0,rectangle,972,1039,1533,1617,,0.8264613
12-14,0,rectangle,1049,1113,1550,1632,,0.8493624
12-15,0,rectangle,1120,1182,1558,1637,,0.8582038
12-16,0,rectangle,1189,1253,1565,1646,,0.84216666
12-17,0,rectangle,1258,1325,1573,1656,,0.8231366
12-35,0,rectangle,2583,2632,1745,1816,,0.7465951
12-34,0,rectangle,2509,2575,1742,1811,,0.78244275
12-33,0,rectangle,2427,2499,1730,1804,,0.78370386
12-32,0,rectangle,2346,2420,1710,1792,,0.7919811
12-31,0,rectangle,2282,2339,1701,1784,,0.7729309
12-30,0,rectangle,2211,2275,1688,1777,,0.8171439
12-29,0,rectangle,2132,2206,1688,1770,,0.8389883
12-28,0,rectangle,2058,2122,1669,1742,,0.8149041
12-27,0,rectangle,1989,2053,1656,1745,,0.84960234
12-26,0,rectangle,1920,1987,1656,1733,,0.8545173
12-25,0,rectangle,1851,1913,1641,1725,,0.8436502
12-24,0,rectangle,1773,1844,1641,1723,,0.840278
12-18,0,rectangle,1329,1396,1585,1664,,0.8586568
12-19,0,rectangle,1403,1467,1595,1673,,0.8606628
12-20,0,rectangle,1480,1544,1602,1681,,0.82218295
12-21,0,rectangle,1553,1613,1609,1688,,0.8589231
12-22,0,rectangle,1694,1770,1622,1706,,0.8295941
12-23,0,rectangle,1625,1689,1617,1698,,0.8397155
11-1,0,rectangle,94,160,1529,1604,,0.7781379
11-2,0,rectangle,171,230,1545,1612,,0.80986375
11-3,0,rectangle,243,297,1556,1620,,0.84395397
11-4,0,rectangle,305,372,1566,1630,,0.8304257
11-5,0,rectangle,382,446,1572,1628,,0.82618207
11-6,0,rectangle,452,519,1577,1641,,0.81765646
11-7,0,rectangle,532,599,1585,1652,,0.8126141
11-8,0,rectangle,610,674,1596,1660,,0.8262889
11-9,0,rectangle,684,746,1601,1673,,0.8318024
11-10,0,rectangle,757,802,1636,1679,,0.81610763
11-11,0,rectangle,821,901,1609,1687,,0.8479385
11-12,0,rectangle,912,970,1633,1692,,0.8451523
11-13,0,rectangle,978,1045,1636,1708,,0.83699954
11-14,0,rectangle,1059,1120,1638,1713,,0.8504073
11-15,0,rectangle,1125,1182,1654,1719,,0.85441554
11-16,0,rectangle,1187,1259,1657,1727,,0.8368098
11-17,0,rectangle,1264,1342,1668,1745,,0.86357075
11-18,0,rectangle,1342,1406,1684,1756,,0.8501731
11-19,0,rectangle,1414,1476,1692,1756,,0.8615104
11-20,0,rectangle,1486,1545,1703,1775,,0.8503398
11-21,0,rectangle,1553,1620,1703,1769,,0.84879243
11-22,0,rectangle,1633,1690,1711,1783,,0.8541161
11-23,0,rectangle,1700,1762,1719,1794,,0.872878
11-24,0,rectangle,1772,1834,1735,1804,,0.8620734
11-25,0,rectangle,1845,1922,1737,1815,,0.84652084
11-26,0,rectangle,1930,1989,1743,1818,,0.8591194
11-27,0,rectangle,1994,2056,1751,1834,,0.8504865
11-28,0,rectangle,2064,2133,1759,1839,,0.82680523
11-29,0,rectangle,2152,2216,1777,1850,,0.8310642
11-30,0,rectangle,2222,2275,1788,1860,,0.81980294
11-31,0,rectangle,2286,2342,1796,1860,,0.8126536
11-32,0,rectangle,2355,2433,1799,1874,,0.8035515
11-33,0,rectangle,2441,2500,1812,1884,,0.7782589
11-34,0,rectangle,2510,2580,1823,1900,,0.7963089
10-1,0,rectangle,99,179,1623,1700,,0.7559478
10-2,0,rectangle,188,253,1631,1709,,0.81971556
10-3,0,rectangle,264,326,1639,1715,,0.8401421
10-4,0,rectangle,331,394,1662,1728,,0.8304393
10-5,0,rectangle,405,475,1665,1730,,0.85233104
10-6,0,rectangle,478,543,1673,1738,,0.84582245
9-1,0,rectangle,115,188,1715,1788,,0.77685577
9-2,0,rectangle,191,261,1723,1796,,0.8152134
9-3,0,rectangle,264,334,1730,1801,,0.8357984
9-4,0,rectangle,339,407,1741,1811,,0.8430913
10-7,0,rectangle,543,608,1681,1751,,0.84337896
10-8,0,rectangle,611,681,1681,1756,,0.8389639
10-9,0,rectangle,684,757,1681,1764,,0.792521
10-10,0,rectangle,757,830,1694,1772,,0.7726424
10-11,0,rectangle,830,903,1704,1783,,0.8481972
10-12,0,rectangle,906,971,1715,1796,,0.8450048
10-13,0,rectangle,976,1039,1728,1798,,0.83394814
10-14,0,rectangle,1062,1133,1725,1816,,0.8648468
10-15,0,rectangle,1138,1195,1738,1814,,0.8562183
10-16,0,rectangle,1198,1274,1751,1822,,0.83007634
10-17,0,rectangle,1276,1339,1764,1824,,0.827272
10-18,0,rectangle,1342,1404,1767,1853,,0.8151408
10-19,0,rectangle,1407,1477,1780,1853,,0.844936
10-20,0,rectangle,1482,1553,1785,1869,,0.83639336
10-21,0,rectangle,1553,1626,1798,1877,,0.85234654
10-22,0,rectangle,1639,1704,1801,1884,,0.86023235
10-23,0,rectangle,1704,1775,1827,1895,,0.84806454
10-24,0,rectangle,1777,1840,1830,1903,,0.8557251
10-25,0,rectangle,1843,1926,1830,1908,,0.8664384
10-26,0,rectangle,1929,1999,1845,1918,,0.84598845
10-27,0,rectangle,2002,2072,1848,1929,,0.8508055
10-28,0,rectangle,2072,2143,1856,1934,,0.82551557
10-29,0,rectangle,2156,2224,1869,1950,,0.82795095
10-30,0,rectangle,2232,2289,1879,1952,,0.81284857
10-31,0,rectangle,2299,2362,1892,1965,,0.82365113
10-32,0,rectangle,2367,2432,1905,1976,,0.8066474
10-33,0,rectangle,2446,2508,1908,1989,,0.7672804
10-34,0,rectangle,2515,2592,1914,2002,,0.78659314
9-5,0,rectangle,411,477,1752,1820,,0.83221656
9-6,0,rectangle,495,555,1754,1828,,0.838481
9-7,0,rectangle,558,621,1762,1836,,0.8410542
9-8,0,rectangle,634,689,1773,1844,,0.8200271
9-9,0,rectangle,705,762,1783,1844,,0.7739314
9-10,0,rectangle,770,838,1796,1862,,0.8266276
9-11,0,rectangle,843,896,1807,1870,,0.8446205
9-12,0,rectangle,904,977,1809,1875,,0.8482151
9-13,0,rectangle,980,1050,1815,1891,,0.81870365
9-14,0,rectangle,1050,1121,1828,1893,,0.83641595
9-15,0,rectangle,1126,1197,1844,1909,,0.8294536
9-16,0,rectangle,1202,1265,1844,1909,,0.82270896
9-17,0,rectangle,1263,1341,1846,1927,,0.79214334
9-18,0,rectangle,1349,1414,1857,1920,,0.8127705
9-19,0,rectangle,1422,1490,1865,1938,,0.841036
9-20,0,rectangle,1498,1566,1878,1951,,0.8399309
9-21,0,rectangle,1574,1642,1883,1972,,0.8388323
9-22,0,rectangle,1650,1705,1901,1969,,0.8386882
9-23,0,rectangle,1705,1792,1904,1982,,0.8437899
9-24,0,rectangle,1797,1870,1912,1988,,0.8542432
9-25,0,rectangle,1875,1928,1922,1995,,0.8266939
8-2,0,rectangle,189,259,1812,1891,,0.7830151
8-3,0,rectangle,270,322,1823,1891,,0.8170762
8-4,0,rectangle,333,403,1817,1904,,0.8226524
8-5,0,rectangle,409,471,1833,1906,,0.84017915
8-6,0,rectangle,471,547,1838,1922,,0.8321885
8-7,0,rectangle,547,618,1849,1927,,0.83561057
8-8,0,rectangle,618,697,1854,1935,,0.82562995
8-9,0,rectangle,707,775,1865,1935,,0.8257814
8-10,0,rectangle,775,846,1878,1956,,0.84476286
8-11,0,rectangle,851,922,1883,1964,,0.80665797
8-12,0,rectangle,922,982,1885,1975,,0.7938471
8-13,0,rectangle,990,1058,1901,1977,,0.81883425
8-14,0,rectangle,1061,1121,1909,1993,,0.7868757
8-15,0,rectangle,1124,1200,1917,1995,,0.78585905
7-1,0,rectangle,128,199,1893,1964,,0.7460352
7-2,0,rectangle,194,265,1901,1988,,0.83143544
7-3,0,rectangle,270,327,1904,1990,,0.8239757
7-4,0,rectangle,330,403,1914,2001,,0.8395918
7-5,0,rectangle,409,482,1920,2001,,0.84097886
9-26,0,rectangle,1934,1998,1934,2005,,0.8411354
9-27,0,rectangle,2005,2069,1941,2015,,0.85605067
9-28,0,rectangle,2073,2144,1937,2015,,0.8149576
9-29,0,rectangle,2151,2218,1955,2033,,0.82649684
9-30,0,rectangle,2232,2296,1958,2036,,0.797049
9-31,0,rectangle,2300,2364,1973,2054,,0.820971
9-32,0,rectangle,2364,2438,1980,2058,,0.7886886
9-33,0,rectangle,2445,2516,2001,2072,,0.7657104
8-16,0,rectangle,1206,1278,1931,2005,,0.7972876
8-17,0,rectangle,1287,1352,1934,2015,,0.8123789
8-33,0,rectangle,2450,2521,2092,2164,,0.7880208
8-32,0,rectangle,2379,2444,2077,2157,,0.8084965
8-31,0,rectangle,2301,2372,2064,2142,,0.79937035
8-30,0,rectangle,2217,2292,2052,2136,,0.82269317
8-29,0,rectangle,2155,2214,2049,2126,,0.83961385
8-28,0,rectangle,2078,2143,2033,2114,,0.81943923
8-27,0,rectangle,2016,2072,2033,2108,,0.8276044
8-26,0,rectangle,1938,1997,2030,2098,,0.8361341
8-25,0,rectangle,1864,1929,2012,2089,,0.8246344
8-24,0,rectangle,1792,1858,2002,2083,,0.838791
8-23,0,rectangle,1718,1783,1990,2071,,0.8335023
8-22,0,rectangle,1644,1709,1993,2061,,0.8228078
8-21,0,rectangle,1575,1637,1981,2052,,0.8344309
8-20,0,rectangle,1501,1560,1965,2043,,0.81946933
8-19,0,rectangle,1426,1492,1953,2027,,0.8131788
8-18,0,rectangle,1352,1411,1943,2021,,0.8046074
7-6,0,rectangle,490,555,1928,2009,,0.8216504
7-7,0,rectangle,564,626,1943,2024,,0.8045935
7-8,0,rectangle,630,707,1956,2033,,0.81630826
7-9,0,rectangle,716,778,1956,2036,,0.7888054
7-10,0,rectangle,775,850,1956,2046,,0.82386124
7-11,0,rectangle,856,921,1971,2052,,0.8216055
7-12,0,rectangle,918,992,1984,2064,,0.8290435
7-13,0,rectangle,995,1067,1990,2071,,0.82197475
7-33,0,rectangle,2453,2524,2179,2250,,0.7952904
7-32,0,rectangle,2379,2450,2167,2244,,0.781006
7-31,0,rectangle,2301,2372,2154,2235,,0.8043368
7-30,0,rectangle,2233,2304,2145,2219,,0.8063001
7-29,0,rectangle,2171,2230,2139,2216,,0.8243575
7-28,0,rectangle,2084,2171,2133,2207,,0.84366935
7-27,0,rectangle,2016,2078,2120,2195,,0.80732024
7-26,0,rectangle,1938,2009,2111,2188,,0.83240956
7-25,0,rectangle,1879,1932,2095,2173,,0.82169527
7-24,0,rectangle,1805,1867,2095,2170,,0.81964517
7-23,0,rectangle,1737,1802,2074,2164,,0.7735161
7-22,0,rectangle,1656,1727,2071,2157,,0.8254915
7-21,0,rectangle,1588,1650,2071,2145,,0.82782966
7-20,0,rectangle,1529,1585,2055,2133,,0.8302927
7-14,0,rectangle,1073,1135,2002,2080,,0.82900226
7-15,0,rectangle,1141,1209,2005,2095,,0.7986983
7-16,0,rectangle,1206,1281,2015,2098,,0.79933816
7-17,0,rectangle,1284,1343,2021,2108,,0.8291994
7-18,0,rectangle,1352,1426,2036,2126,,0.8181746
7-19,0,rectangle,1433,1504,2043,2133,,0.8186239
6-1,0,rectangle,132,201,1976,2049,,0.7374766
6-2,0,rectangle,216,256,1994,2064,,0.7965967
6-3,0,rectangle,271,348,1998,2086,,0.8117027
6-4,0,rectangle,355,414,2009,2079,,0.80582
6-5,0,rectangle,425,491,2009,2093,,0.81860834
6-6,0,rectangle,494,556,2024,2112,,0.7996352
6-7,0,rectangle,575,630,2035,2104,,0.79930526
6-8,0,rectangle,630,699,2038,2119,,0.794815
6-9,0,rectangle,707,783,2042,2123,,0.8089823
6-10,0,rectangle,787,853,2053,2141,,0.82453924
6-11,0,rectangle,860,926,2060,2148,,0.8218517
6-12,0,rectangle,938,1007,2076,2165,,0.8066526
6-13,0,rectangle,1015,1057,2084,2165,,0.8281128
6-14,0,rectangle,1073,1131,2092,2169,,0.8127073
6-15,0,rectangle,1146,1204,2115,2180,,0.79342663
6-16,0,rectangle,1212,1277,2111,2188,,0.82167363
6-17,0,rectangle,1289,1358,2115,2192,,0.8440224
6-18,0,rectangle,1370,1424,2126,2207,,0.8369956
6-19,0,rectangle,1428,1501,2130,2215,,0.8356873
1-1,0,rectangle,150,224,2427,2508,,0.7224415
2-1,0,rectangle,158,232,2346,2424,,0.7431394
3-1,0,rectangle,154,224,2250,2339,,0.7616857
4-1,0,rectangle,139,216,2161,2238,,0.7822537
5-1,0,rectangle,127,201,2069,2146,,0.7294142
6-20,0,rectangle,1509,1570,2146,2227,,0.8460243
6-21,0,rectangle,1574,1644,2157,2238,,0.8365452
6-22,0,rectangle,1655,1725,2165,2250,,0.84624606
6-23,0,rectangle,1740,1794,2173,2246,,0.7947155
6-24,0,rectangle,1802,1879,2180,2265,,0.85393417
6-25,0,rectangle,1883,1949,2188,2285,,0.8408743
6-26,0,rectangle,1956,2014,2200,2288,,0.8233147
6-27,0,rectangle,2026,2091,2207,2300,,0.8417198
6-28,0,rectangle,2095,2153,2215,2300,,0.8560036
6-29,0,rectangle,2157,2230,2223,2304,,0.8298146
6-30,0,rectangle,2242,2304,2234,2319,,0.8061223
6-31,0,rectangle,2311,2369,2246,2331,,0.8372504
6-32,0,rectangle,2381,2442,2261,2346,,0.78577334
1-30,0,rectangle,2284,2342,2701,2779,,0.63513607
5-31,0,rectangle,2388,2458,2346,2435,,0.7702947
4-32,0,rectangle,2404,2469,2454,2539,,0.736159
3-31,0,rectangle,2342,2408,2528,2609,,0.7268206
2-31,0,rectangle,2331,2396,2624,2709,,0.664211
1-2,0,rectangle,232,305,2451,2535,,0.7555981
1-3,0,rectangle,316,374,2458,2532,,0.7849702
1-4,0,rectangle,374,444,2474,2559,,0.8037846
1-5,0,rectangle,451,517,2478,2566,,0.8072207
1-6,0,rectangle,521,590,2474,2578,,0.80153066
1-7,0,rectangle,610,683,2493,2593,,0.77808166
1-8,0,rectangle,687,749,2501,2593,,0.73324025
1-9,0,rectangle,756,818,2489,2597,,0.79555154
1-10,0,rectangle,822,887,2501,2616,,0.7507935
1-11,0,rectangle,884,953,2508,2605,,0.8012722
1-12,0,rectangle,949,1026,2524,2613,,0.7855946
1-13,0,rectangle,1023,1092,2528,2624,,0.7740887
1-14,0,rectangle,1096,1177,2539,2643,,0.7905427
1-15,0,rectangle,1177,1246,2551,2655,,0.79645836
1-16,0,rectangle,1246,1327,2562,2667,,0.8017942
1-17,0,rectangle,1323,1389,2578,2670,,0.79027706
1-18,0,rectangle,1385,1462,2593,2674,,0.78735834
1-19,0,rectangle,1462,1540,2589,2690,,0.76955616
1-20,0,rectangle,1540,1613,2605,2701,,0.74791616
1-21,0,rectangle,1621,1686,2609,2705,,0.7513772
1-22,0,rectangle,1690,1756,2624,2713,,0.72152376
1-23,0,rectangle,1763,1841,2620,2725,,0.7768166
1-24,0,rectangle,1837,1914,2640,2740,,0.77508754
1-25,0,rectangle,1914,1983,2647,2740,,0.7818469
1-26,0,rectangle,1976,2057,2667,2752,,0.758522
1-27,0,rectangle,2057,2130,2674,2759,,0.7685267
1-28,0,rectangle,2130,2196,2682,2763,,0.72854775
1-29,0,rectangle,2203,2269,2678,2771,,0.71597254
5-2,0,rectangle,197,274,2076,2161,,0.743102
5-3,0,rectangle,274,340,2088,2165,,0.78841645
5-4,0,rectangle,355,424,2103,2180,,0.79343927
5-5,0,rectangle,436,505,2119,2192,,0.78046626
5-6,0,rectangle,517,567,2119,2200,,0.7462031
5-7,0,rectangle,583,644,2130,2207,,0.7749106
5-8,0,rectangle,656,706,2153,2215,,0.7968281
5-9,0,rectangle,725,787,2150,2227,,0.82875276
5-10,0,rectangle,803,857,2161,2242,,0.83197784
5-11,0,rectangle,868,926,2180,2258,,0.8192676
5-13,0,rectangle,988,1088,2188,2265,,0.7856474
5-14,0,rectangle,1127,1215,2207,2281,,0.8122199
5-15,0,rectangle,1227,1293,2204,2288,,0.84502286
5-16,0,rectangle,1304,1362,2211,2296,,0.8267451
5-17,0,rectangle,1374,1439,2223,2316,,0.801588
5-18,0,rectangle,1451,1509,2227,2316,,0.8218498
5-19,0,rectangle,1520,1586,2238,2327,,0.81528896
5-20,0,rectangle,1601,1655,2250,2331,,0.8157631
5-21,0,rectangle,1667,1736,2258,2346,,0.8267026
5-22,0,rectangle,1744,1798,2258,2346,,0.746922
5-23,0,rectangle,1817,1875,2273,2366,,0.8516208
5-24,0,rectangle,1879,1937,2288,2362,,0.84154934
5-25,0,rectangle,1956,2018,2292,2373,,0.7986755
5-26,0,rectangle,2030,2091,2304,2393,,0.8283351
5-27,0,rectangle,2103,2168,2304,2385,,0.82960737
5-28,0,rectangle,2180,2230,2308,2400,,0.8150445
5-29,0,rectangle,2246,2304,2331,2408,,0.820716
5-30,0,rectangle,2319,2381,2339,2424,,0.81085837
4-2,0,rectangle,224,278,2173,2254,,0.80117863
4-3,0,rectangle,278,355,2188,2269,,0.8091813
4-4,0,rectangle,359,436,2184,2269,,0.8273824
4-5,0,rectangle,444,502,2211,2285,,0.81067526
4-6,0,rectangle,513,567,2227,2288,,0.8057777
4-7,0,rectangle,577,633,2231,2296,,0.81667894
4-8,0,rectangle,642,713,2228,2296,,0.7910924
4-9,0,rectangle,732,793,2237,2324,,0.7970763
4-10,0,rectangle,803,864,2259,2324,,0.8126176
4-11,0,rectangle,874,935,2268,2333,,0.8107362
4-12,0,rectangle,941,1003,2274,2336,,0.802958
4-13,0,rectangle,1015,1092,2265,2342,,0.7647149
4-14,0,rectangle,1095,1159,2285,2351,,0.78220785
3-2,0,rectangle,226,290,2275,2348,,0.796022
3-3,0,rectangle,309,366,2281,2351,,0.81936777
3-4,0,rectangle,372,436,2285,2361,,0.81018287
3-5,0,rectangle,446,509,2294,2377,,0.7688478
3-6,0,rectangle,516,579,2320,2377,,0.80337197
3-7,0,rectangle,595,659,2316,2393,,0.79412025
3-8,0,rectangle,672,729,2323,2393,,0.7982952
3-9,0,rectangle,736,800,2346,2413,,0.81035
4-15,0,rectangle,1167,1227,2299,2366,,0.8005947
2-2,0,rectangle,239,303,2363,2437,,0.7881824
2-3,0,rectangle,309,373,2370,2444,,0.808233
2-4,0,rectangle,377,441,2380,2457,,0.7707697
2-5,0,rectangle,454,518,2393,2457,,0.79710793
2-6,0,rectangle,525,592,2390,2464,,0.772147
2-7,0,rectangle,592,659,2413,2484,,0.81285524
2-8,0,rectangle,666,736,2410,2484,,0.8189509
2-9,0,rectangle,736,814,2420,2484,,0.8303436
3-10,0,rectangle,807,871,2349,2420,,0.82158554
2-10,0,rectangle,821,878,2427,2494,,0.8262938
3-11,0,rectangle,874,945,2349,2427,,0.7960846
2-11,0,rectangle,884,942,2430,2504,,0.8193717
3-12,0,rectangle,948,1019,2346,2434,,0.77929765
3-13,0,rectangle,1016,1096,2366,2440,,0.775917
3-14,0,rectangle,1093,1160,2373,2450,,0.7564573
3-15,0,rectangle,1160,1224,2373,2457,,0.7842887
2-12,0,rectangle,948,1022,2447,2518,,0.80712503
2-13,0,rectangle,1026,1100,2457,2524,,0.818482
2-14,0,rectangle,1106,1170,2467,2531,,0.82668054
3-16,0,rectangle,1227,1305,2400,2471,,0.7989168
4-16,0,rectangle,1237,1301,2313,2376,,0.80182296
4-17,0,rectangle,1315,1372,2316,2376,,0.8070156
4-18,0,rectangle,1382,1456,2319,2390,,0.81606674
4-19,0,rectangle,1463,1510,2336,2400,,0.82854176
4-20,0,rectangle,1520,1597,2336,2417,,0.83869916
4-21,0,rectangle,1601,1668,2349,2427,,0.8392598
4-22,0,rectangle,1668,1739,2363,2434,,0.8218846
4-23,0,rectangle,1745,1816,2370,2444,,0.8083252
4-24,0,rectangle,1826,1890,2376,2454,,0.84589005
4-25,0,rectangle,1897,1960,2390,2460,,0.82161295
4-26,0,rectangle,1967,2031,2393,2467,,0.78743213
4-27,0,rectangle,2038,2108,2403,2474,,0.8245849
4-28,0,rectangle,2112,2182,2420,2491,,0.81816906
4-29,0,rectangle,2186,2243,2423,2481,,0.8137578
4-30,0,rectangle,2266,2327,2434,2508,,0.8089611
4-31,0,rectangle,2330,2394,2444,2521,,0.7919364
3-17,0,rectangle,1318,1385,2403,2481,,0.8047148
3-18,0,rectangle,1399,1466,2413,2481,,0.7895222
3-19,0,rectangle,1473,1533,2430,2494,,0.7694189
3-20,0,rectangle,1547,1601,2430,2504,,0.7812126
3-21,0,rectangle,1607,1671,2437,2508,,0.8213244
3-22,0,rectangle,1678,1742,2450,2518,,0.8115874
3-23,0,rectangle,1755,1826,2454,2524,,0.8051681
3-30,0,rectangle,2265,2334,2523,2595,,0.7778666
3-29,0,rectangle,2189,2254,2512,2592,,0.78614944
3-28,0,rectangle,2109,2178,2497,2577,,0.8136858
3-27,0,rectangle,2036,2098,2494,2566,,0.8107273
3-26,0,rectangle,1971,2029,2483,2563,,0.8169818
3-25,0,rectangle,1898,1964,2472,2545,,0.8287736
3-24,0,rectangle,1833,1887,2461,2541,,0.8270608
2-30,0,rectangle,2268,2323,2617,2682,,0.76416373
2-29,0,rectangle,2196,2261,2603,2672,,0.7932922
2-28,0,rectangle,2131,2185,2588,2668,,0.78736866
2-15,0,rectangle,1176,1238,2472,2548,,0.81699145
2-16,0,rectangle,1256,1321,2479,2559,,0.82601523
2-17,0,rectangle,1325,1386,2494,2581,,0.7895281
2-18,0,rectangle,1390,1463,2497,2581,,0.8065256
2-19,0,rectangle,1463,1535,2508,2592,,0.7834726
2-20,0,rectangle,1543,1608,2526,2606,,0.77847075
2-21,0,rectangle,1615,1680,2523,2606,,0.8134607
2-22,0,rectangle,1688,1753,2526,2621,,0.80244774
2-23,0,rectangle,1757,1818,2537,2617,,0.82741576
2-24,0,rectangle,1833,1906,2545,2632,,0.80444425
2-25,0,rectangle,1906,1974,2555,2643,,0.810883
2-26,0,rectangle,1978,2043,2574,2657,,0.7938196
2-27,0,rectangle,2051,2116,2570,2664,,0.792157
8-1,0,rectangle,116,180,1798,1884,,0.71270514
13-17,0,rectangle,1259,1319,1483,1566,,0.78075516
15-29,0,rectangle,2128,2184,1405,1495,,0.7851295
15-35,0,rectangle,2566,2615,1461,1540,,0.7270142
15-36,0,rectangle,2622,2663,1457,1540,,0.6307915
5-12,0,rectangle,921,989,2173,2263,,0.7537064
23-1,0,rectangle,7,97,435,528,,0.41755775
28-2,0,rectangle,1510,1566,161,244,,0.35661617
28-1,0,rectangle,1435,1502,157,247,,0.29856128
